RewardSize,AnimalResponse,ToneCloudDurSec,LickwrtTrialStart,ITIinseconds
1,1,1.82,NaN,1.82
1,1,3.02,NaN,3.153684
1,1,1.68,NaN,2.931708
1,1,2.74,NaN,2.851714
1,1,5.26,NaN,2.989706
1,1,0.74,NaN,2.977703
1,1,2.08,NaN,2.275772
1,1,1.34,NaN,3.171684
1,1,0.46,NaN,2.69573
1,1,0.7,NaN,3.47165
1,1,1.8,NaN,3.19168
1,1,0.04,NaN,3.153685
1,1,1.36,NaN,3.13369
1,1,2.98,NaN,2.85372
1,1,5.26,NaN,3.361666
1,1,1.92,NaN,3.371665
1,0,1.26,3.74202576,2.61374
1,0,2.76,3.7616238,3.95561
1,2,1.406648338,1.39026096,2.85372
1,2,11.1212197,11.1098889,14.93851
1,3,14,NaN,14.27258
1,1,1.38,NaN,2.55774
1,1,3.38,NaN,2.9537
1,1,2.74,NaN,2.88971
1,1,2.62,NaN,2.35376
1,1,5.34,NaN,2.79172
1,1,0.54,NaN,3.27568
1,2,3.730067484,3.71439519,2.71173
1,1,2.14,NaN,14.29857
1,1,0.28,NaN,3.42965
1,1,0.2,NaN,3.37366
1,1,1.66,NaN,3.15369
1,1,2.04,NaN,3.39367
1,1,9.88,NaN,3.13167
1,0,2.66,3.91910805,2.77772
1,0,0.42,0.72762723,2.63975
1,0,1.86,2.29337064,5.05551
1,2,0.145963509,0.13295337,2.23375
1,2,6.265433643,6.25197474,14.33657
1,0,8.54,9.63640293,14.15658
1,2,0.386903274,0.37106289,2.95371
1,0,0.72,1.29727026,14.67653
1,2,1.001749563,0.98763456,2.54975
1,1,0.54,NaN,14.7425
1,1,1.48,NaN,2.82971
1,3,14,NaN,2.57172
1,1,0.08,NaN,2.63571
1,1,3.78,NaN,3.41365
1,3,14,NaN,2.79572
1,1,4.1,NaN,2.83773
1,1,9.56,NaN,2.7717
1,1,0.44,NaN,2.3358
1,1,3.04,NaN,3.10966
1,1,4.4,NaN,2.63577
1,1,2,NaN,2.83576
1,1,0.18,NaN,2.5718
1,1,4.14,NaN,3.23371
1,1,0.1,NaN,2.60966
1,0,4.66,7.35799746,2.99169
2,0,0.18,1.6615005,3.1916
2,2,1.11572107,1.09605705,14.13861
2,0,1.72,1.73625969,3.39766
2,2,0.535866034,0.52051461,14.47656
2,2,1.453636591,1.4401893,2.7937
2,0,3.26,3.73076022,14.43854
2,2,0.620844789,0.60820584,14.4965
2,0,1.82,2.1807819,2.29577
2,2,0.123969008,0.11025564,16.27838
2,2,0.030992252,0.01929807,3.2916
2,2,1.813546614,1.80145317,14.2966
2,1,2.06,NaN,14.3186
2,0,2.5,3.30373626,14.37456
2,1,3.58,NaN,3.31965
2,0,3.04,3.53094687,2.2758
2,2,4.546863285,4.52684727,2.6978
2,2,0.982754312,0.96570342,3.1377
2,2,0.601849538,0.59014098,14.54056
2,3,14,NaN,14.35254
2,2,0.529867533,0.51608172,14.39453
2,0,0.1,0.6622671,2.79173
2,2,0.615846039,0.59814018,14.4786
2,2,4.61984504,4.60190643,3.11776
2,0,0.04,0.50188314,14.7285
2,2,0.280929768,0.26367363,14.59857
2,0,0.2,0.94827183,2.89173
2,0,1.32,1.63886943,14.54055
2,2,2.000499875,1.98456819,5.8974
2,0,0.46,0.9672366,4.55353
2,2,7.81204699,7.79442048,14.25659
2,1,2.88,NaN,3.09765
2,0,0.46,1.08059193,14.6405
2,2,0.344913772,0.32616738,2.87574
2,2,11.01424644,11.00219967,2.51774
2,0,0.76,1.45672098,14.8185
2,2,0.565858535,0.55211145,14.4806
2,0,1.98,2.28990432,2.3738
2,2,0.388902774,0.37392927,14.3406
2,0,0.46,1.13918607,4.9696
2,2,0.413896526,0.40172649,14.5805
2,0,6.28,6.83904936,3.1296
2,0,1.06,1.543179,14.2585
2,2,0.48187953,0.46612005,2.9137
2,0,5.1,5.79502044,3.1537
2,2,0.543864034,0.52651401,16.1165
2,0,6.3,8.47028622,2.7956
2,2,2.495376156,2.48148516,14.9805
2,0,2.38,2.70066324,2.7317
2,0,0.6,0.71852814,14.6385
2,2,1.799550113,1.78698795,2.7757
2,0,1.64,2.09988999,2.7918
2,2,2.23244189,2.21737824,14.3366
2,2,2.681329668,2.66833314,2.2318
2,0,2.12,2.6314035,14.8525
2,2,1.926518371,1.91150883,14.2125
2,2,5.780554862,5.76792315,2.4557
2,0,7.42,7.93293996,14.2746
2,2,2.245438641,2.2281105,14.4985
2,2,1.726568358,1.71502848,2.6536
2,0,6.76,7.27030623,14.4306
1,0,1.18,1.17551577,14.4566
1,3,14,NaN,2.9317
1,0,2.52,3.42812382,3.0917
1,0,5.34,6.64823511,3.2936
1,0,3.92,4.42149114,3.2356
1,0,0.82,2.70536277,2.8898
1,3,14,NaN,3.0157
1,0,0.96,2.07052626,3.1198
1,1,8.1,NaN,2.1737
1,1,7.76,NaN,2.5516
1,1,4.54,NaN,3.2757
1,1,2.12,NaN,2.8878
1,1,7.82,NaN,3.3097
1,3,14,NaN,2.9737
1,1,1.86,NaN,2.1178
1,1,8.78,NaN,2.7538
1,1,3.24,NaN,3.4337
1,1,8.98,NaN,3.1517
1,1,6.08,NaN,3.2298
1,1,0.38,NaN,2.6377
1,1,0.34,NaN,2.6178
1,3,14,NaN,2.4377
1,1,4.84,NaN,2.4117
1,1,7.78,NaN,2.8097
1,0,1.34,2.52658065,2.6337
1,0,3,4.99456716,2.9557
1,0,1.58,1.74542544,2.9317
1,1,10.4,NaN,3.1318
1,0,4.88,7.18258167,2.7497
1,1,5.06,NaN,2.4138
1,0,2.42,3.70599603,3.2718
1,0,5.1,5.50461615,2.7557
1,2,0.053986503,0.04156251,2.9717
1,1,1.08,NaN,4.2535
1,1,1.16,NaN,14.2227
1,0,3.9,5.32760052,2.8737
1,3,14,NaN,2.5117
1,3,14,NaN,3.1718
1,1,0.4,NaN,3.0137
1,1,2.94,NaN,2.3117
1,3,14,NaN,3.3717
1,3,14,NaN,3.3156
1,1,9.94,NaN,2.6297
1,1,8.24,NaN,2.3598
1,1,1.3,NaN,2.4917
1,1,0.86,NaN,2.6518
1,1,0.98,NaN,2.4139
1,1,1.78,NaN,2.8956
1,1,5.46,NaN,2.6798
1,1,3.82,NaN,3.1957
1,1,1.16,NaN,2.6937
1,3,14,NaN,2.3117
1,0,0.04,2.68069857,3.6377
1,2,2.011497126,1.99693362,3.1356
1,2,2.787303175,2.77095621,3.2737
1,0,3.18,4.10395623,14.2785
1,0,1.9,2.16391692,14.5966
1,2,2.650337416,2.63713626,2.3497
1,1,1.34,NaN,3.2097
1,3,14,NaN,14.5746
2,1,1.64,NaN,3.0716
2,1,4.88,NaN,2.7097
2,0,3.66,4.84054923,2.6357
2,2,1.446638341,1.43598972,2.6777
2,2,1.489627593,1.47505248,2.3516
2,0,4.14,4.19894673,14.2727
2,2,1.138715321,1.12448754,14.6165
2,0,0.26,1.14945171,2.4719
2,2,2.053486629,2.04026262,14.6186
2,2,1.033741565,1.01753157,2.8118
2,0,3.06,3.99453384,14.6546
2,0,4.3,4.35176478,14.6565
2,2,1.27668083,1.25890743,2.5818
2,0,0.42,1.5205146,3.3557
2,2,1.316670833,1.30546944,14.5126
2,0,0.18,1.39299402,2.288
2,2,0.565858535,0.5506116,14.3784
2,2,5.472631843,5.46348693,2.6358
2,2,5.642589354,5.62940367,14.2886
2,0,8.06,10.32636726,14.5386
2,2,3.315171208,3.30016995,14.5386
2,2,2.008497876,1.9954671,3.1758
2,0,3.16,4.16908305,14.3764
2,2,0.327918021,0.31446855,15.0343
2,2,3.385153712,3.36633,3.0535
2,0,1.24,3.30090321,14.3784
2,2,1.5996001,1.58647467,14.7743
2,1,1.08,NaN,2.5957
2,0,1.06,1.89291069,14.5707
2,2,2.982254437,2.9677032,2.9377
2,0,3.54,4.0199313,3.1138
2,0,1.42,2.01036561,14.8186
2,1,1.74,NaN,2.4117
2,2,2.126468383,2.11168881,3.1197
2,0,2,4.91924136,2.7138
2,2,6.804298927,6.79282065,14.8366
2,0,1.8,1.99870011,3.5117
2,2,2.802299426,2.7887211,14.7164
2,0,4.38,5.27453916,2.7517
2,2,1.451637091,1.43295669,14.9347
2,2,0.901774557,0.88784454,2.5138
2,0,3.58,4.4465553,14.6145
2,0,0.72,1.48565142,14.3926
2,2,0.392901775,0.37439589,3.0117
2,2,4.201949513,4.18331496,4.9575
2,0,0.16,1.31693496,14.5987
2,0,0.88,1.34909841,14.3165
2,2,0.787803049,0.77308935,2.8539
2,2,1.565608598,1.55391126,2.4555
2,0,2.54,3.09582372,14.4725
2,2,0.349912522,0.33366663,14.2366
2,0,6.32,7.34866506,2.7098
2,2,1.318670333,1.30330299,15.0186
2,0,0.5,1.2595407,2.1338
2,2,3.1972007,3.1790154,14.7385
2,1,5.36,NaN,2.2979
2,1,5.14,NaN,14.2925
2,0,3.98,4.37292933,2.6936
2,2,1.324668833,1.31060226,2.7517
2,1,10.72,NaN,2.9716
1,0,1.7,2.57860878,14.8186
1,2,1.246688328,1.23181014,2.5718
1,0,5.38,7.15821744,2.4717
1,0,0.54,0.97200279,14.4146
1,0,0.62,0.98943438,2.2718
1,2,0.595851037,0.57790887,2.3179
1,1,0.56,NaN,2.4998
1,1,2.8,NaN,14.3925
1,1,0.66,NaN,2.4739
1,0,5.22,5.95083819,2.1558
1,1,3.6,NaN,3.0918
1,1,3.88,NaN,3.2536
1,1,6.44,NaN,2.2717
1,1,4.84,NaN,2.5198
1,1,8.74,NaN,2.8739
1,0,1.14,1.93317333,2.9537
1,0,0.2,3.14538543,2.9755
1,1,6.58,NaN,3.1897
1,1,2.02,NaN,2.9937
1,1,0.08,NaN,3.2076
1,1,3.26,NaN,2.352
1,1,3.42,NaN,2.7898
1,1,8.78,NaN,2.6897
1,3,14,NaN,2.67
1,1,7.94,NaN,2.8297
1,1,0.34,NaN,2.9118
1,1,1.82,NaN,2.2918
1,2,2.473381655,2.45585439,2.2098
1,0,0.26,0.62263773,2.6957
1,2,1.732566859,1.71406191,14.6567
1,1,6.44,NaN,2.7556
1,3,14,NaN,14.4346
1,0,1.16,3.253008,2.5915
1,0,4.9,5.53347993,2.2756
1,0,0.48,1.19668032,2.6899
1,3,14,NaN,2.9358
1,1,2.32,NaN,2.5957
1,1,10.22,NaN,3.2557
1,1,6.22,NaN,2.43
1,1,2.9,NaN,2.2138
1,0,0.26,2.34239907,2.5517
1,1,0.2,NaN,3.2395
1,1,1.58,NaN,2.3118
1,1,5.34,NaN,2.6118
1,1,8.88,NaN,3.0356
1,3,14,NaN,2.6138
1,0,0.04,1.01949804,2.3339
1,2,0.064983754,0.04636203,2.7139
1,1,2.7,NaN,3.3997
1,1,1.76,NaN,14.6166
1,1,1.24,NaN,2.4759
1,1,4.42,NaN,2.7158
1,1,5.5,NaN,3.1756
1,3,14,NaN,3.4316
1,1,3.34,NaN,3.0356
1,3,14,NaN,2.6678
1,0,0.24,1.80505281,3.2579
1,2,4.200949763,4.18814781,2.1318
1,1,3.42,NaN,2.2297
1,1,10,NaN,14.2365
2,3,14,NaN,2.914
2,1,3.06,NaN,2.9936
2,1,1.2,NaN,2.7355
2,1,0.38,NaN,2.6738
2,1,2.98,NaN,2.8357
2,1,6.16,NaN,2.3579
2,3,14,NaN,2.8916
2,1,4.7,NaN,3.2156
2,3,14,NaN,2.8919
2,0,4.62,5.61780483,2.9755
2,0,0.22,0.73372662,2.852
2,2,0.522869283,0.50504949,3.2757
2,2,0.493876531,0.4802853,3.2576
2,0,0.14,0.51244875,14.2747
2,2,0.373906523,0.35573109,14.6543
2,2,1.848537866,1.83784953,3.7578
2,0,3.54,3.64980165,14.4346
2,2,1.823544114,1.81131885,14.6765
2,2,2.885278681,2.87167947,2.6077
2,0,2.52,3.50448285,14.6564
2,2,0.093976506,0.08215845,14.7166
2,0,0.6,1.08829116,2.8137
2,2,0.660834791,0.64940172,14.3146
2,2,0.507873032,0.49181748,2.4297
2,0,9.8,10.17144942,14.6784
2,2,0.068982754,0.05326134,14.3927
2,0,0.04,0.40015998,2.8157
2,0,1.04,1.35556443,14.7767
2,0,0.22,0.55504449,2.3499
2,0,0.52,0.78735459,2.9135
2,2,0.48087978,0.46522014,4.3316
2,2,5.976505875,5.9580708,3.0957
2,2,0.412896776,0.39539379,14.6427
2,0,0.12,0.3859614,14.3367
2,2,1.362659335,1.35229809,14.2946
2,0,1.04,1.29803685,4.4275
2,2,0.145963509,0.13078692,14.3565
2,2,3.98700325,3.97243605,2.4558
2,0,0.64,1.81798485,14.5744
2,2,0.564858785,0.55277805,14.6588
2,2,0.306923269,0.28950438,3.0495
2,0,4.86,5.26487346,14.2404
2,0,0.04,0.36766323,14.2924
2,0,0.06,0.13375329,2.4297
2,2,0.045988503,0.03109689,2.5137
2,3,14,NaN,2.8877
2,2,1.083729068,1.06999299,14.1787
2,2,0.469882529,0.4559544,2.8538
2,2,1.423644089,1.40205978,14.5364
2,0,1.7,3.04279569,14.4585
2,2,0.558860285,0.54364563,14.3367
2,0,5.6,8.23294329,3.1158
2,2,0.590852287,0.57780888,14.6365
2,0,0.94,1.37409591,3.456
2,2,0.657835541,0.64220244,14.3506
2,2,1.455636091,1.44038928,2.3896
2,2,9.789552614,9.77725551,14.399
2,0,1.76,2.32123452,14.3945
2,2,0.594851287,0.57977535,14.3565
2,2,0.504873782,0.48705129,3.0937
1,0,6.04,6.78048855,14.6586
1,1,5.7,NaN,14.5745
1,0,3.54,5.60773917,2.836
1,0,1.54,1.91677497,2.57
1,0,0.22,1.10382294,2.734
1,0,4.72,6.71396187,2.732
1,0,9.58,12.10425612,3.4394
1,3,14,NaN,3.0498
1,1,1.76,NaN,2.672
1,1,8.52,NaN,2.9524
1,1,0.26,NaN,3.6318
1,1,5.04,NaN,3.312
1,1,1.26,NaN,2.6758
1,3,14,NaN,2.8936
1,1,3.04,NaN,2.858
1,1,3.48,NaN,2.5092
1,1,1.12,NaN,2.774
1,1,3.4,NaN,3.26
1,1,6.08,NaN,2.772
1,3,14,NaN,3.3314
1,1,4.5,NaN,2.9955
1,1,2.48,NaN,3.292
1,1,1.86,NaN,2.2157
1,3,14,NaN,3.0497
1,1,9.24,NaN,2.6556
1,1,3.38,NaN,2.9515
1,1,8.36,NaN,2.9497
1,1,10.32,NaN,2.3955
1,1,0.52,NaN,3.3753
1,1,2.42,NaN,2.9915
1,1,6.14,NaN,3.2737
1,3,14,NaN,2.914
1,1,2.84,NaN,2.61
1,0,1.18,1.63843614,2.614
1,0,4,4.51811481,3.0755
1,3,14,NaN,2.7713
1,1,1.22,NaN,4.9555
1,1,5.48,NaN,3.0517
1,1,2.32,NaN,3.0937
1,1,0.78,NaN,2.6136
1,3,14,NaN,2.7737
1,1,7.24,NaN,2.6937
1,1,7.7,NaN,3.1494
1,1,0.72,NaN,2.4341
1,1,2.06,NaN,2.3716
1,1,0.46,NaN,2.4974
1,1,1.44,NaN,2.5764
1,1,5.26,NaN,2.756
1,1,5.7,NaN,2.3779
1,1,0.7,NaN,3.4335
1,1,0.28,NaN,3.018
1,1,7.36,NaN,2.4941
1,1,8.96,NaN,2.8936
1,1,2.58,NaN,2.5498
1,1,1.34,NaN,2.4737
1,2,4.515871033,4.50514944,2.4961
1,0,0.32,0.4576209,2.7519
1,2,0.881779555,0.86877978,14.2343
1,1,3.72,NaN,3.212
1,1,3.3,NaN,14.5727
2,1,3.82,NaN,2.8897
2,1,4.28,NaN,2.6718
2,3,14,NaN,3.1375
2,1,3.08,NaN,2.9056
2,1,1.66,NaN,2.788
2,1,4,NaN,3.3756
2,1,0.78,NaN,2.834
2,1,3.04,NaN,3.2296
2,1,6.02,NaN,2.75
2,1,0.76,NaN,3.0899
2,1,0.96,NaN,2.8936
2,3,14,NaN,2.416
2,1,1.74,NaN,2.5737
2,1,7.02,NaN,3.0936
2,1,9.96,NaN,2.4735
2,1,7.16,NaN,2.5097
2,1,5.72,NaN,3.1495
2,1,6.5,NaN,2.6719
2,1,0.18,NaN,2.332
2,1,7.96,NaN,2.618
2,1,1.54,NaN,2.834
2,1,2.64,NaN,3.6577
2,1,10,NaN,3.1155
2,1,6.66,NaN,3.0098
2,1,4.7,NaN,3.414
2,1,0.8,NaN,2.7753
2,1,8.54,NaN,3.1976
2,1,0.56,NaN,3.4496
2,1,2.4,NaN,2.1757
2,2,0.009997501,0.00003333,3.0733
2,3,14,NaN,5.6714
2,1,1.9,NaN,14.139
2,3,14,NaN,2.4776
2,1,1.14,NaN,2.6518
2,1,0.84,NaN,3.452
2,1,2.34,NaN,2.3741
2,1,0.06,NaN,2.5757
2,1,1.82,NaN,3.5117
2,1,0.76,NaN,2.738
2,1,3.04,NaN,3.0737
2,0,1.74,4.35059823,2.8755
2,2,0.627843039,0.61553844,3.3896
2,0,0.1,0.71116221,4.7296
2,2,1.557610598,1.54281237,14.1987
2,0,0.04,0.42075792,2.9895
2,2,0.449887528,0.43555644,14.4526
2,2,0.402899275,0.38712795,2.9094
2,0,6.66,7.7252274,14.3183
2,2,1.60059985,1.58644134,14.4164
2,2,3.057235692,3.04299567,2.3916
,,,,14.2383