RewardSize,AnimalResponse,ToneCloudDurSec,Pupil,runSpeed,LickwrtTrialStart
1,1,1.82,0.550199920119593,0,NaN
1,1,3.02,0.523586836868207,0,NaN
1,1,1.68,0.453466923455528,0,NaN
1,1,2.74,0.359264281985299,0,NaN
1,1,5.26,0.341567175326372,0,NaN
1,1,0.74,0.462150486648725,0,NaN
1,1,2.08,0.33242326218136,0,NaN
1,1,1.34,0.312995991390609,0.000228145710236021,NaN
1,1,0.46,0.31231586565807,-0.000228145710236021,NaN
1,1,0.7,0.297319787924042,0,NaN
1,1,1.8,0.324521576722636,0,NaN
1,1,0.04,0.314391459867667,0,NaN
1,1,1.36,0.292508416732576,-0.000245695380254177,NaN
1,1,2.98,0.291017368846562,-0.000228145710236021,NaN
1,1,5.26,0.315999414320035,-0.000228145710236021,NaN
1,1,1.92,0.318089275134406,0.000245695380254177,NaN
1,0,1.26,0.298775985473008,0,3.74202576
1,0,2.76,0.362059638724098,0.000228145710236021,3.7616238
1,2,1.40664833820209,0.474421924570989,0,1.39026096
1,2,11.1212196973419,0.219423753954035,0,11.1098889
1,3,14,0.38048472737908,0.000456291420472043,NaN
1,1,1.38,0.290415321114835,0,NaN
1,1,3.38,0.255568996913318,0,NaN
1,1,2.74,0.230713261300153,0,NaN
1,1,2.62,0.426129588714208,-0.00182516568188817,NaN
1,1,5.34,0.28239583340008,0,NaN
1,1,0.54,0.231917025957419,0,NaN
1,2,3.73006748388913,0.206034132191406,0.000245695380254177,3.71439519
1,1,2.14,0.205393328894691,0,NaN
1,1,0.28,0.192135921764188,0,NaN
1,1,0.2,0.201882540080988,0,NaN
1,1,1.66,0.17972412854925,0.000245695380254177,NaN
1,1,2.04,0.183404382945177,0,NaN
1,1,9.88,0.407378788715548,0,NaN
1,0,2.66,0.2136384750111,0,3.91910805
1,0,0.42,0.294900726880605,0,0.72762723
1,0,1.86,0.245983182686789,0,2.29337064
1,2,0.145963509152456,0.256113712352743,0,0.13295337
1,2,6.26543364286604,0.187588506709874,0.000245695380254177,6.25197474
1,0,8.54,0.199513130529922,0,9.63640292999999
1,2,0.386903274260277,0.326782635087026,0,0.37106289
1,0,0.72,0.223710351362752,0,1.29727026
1,2,1.00174956281343,0.530822852709363,0.0968039798199969,0.987634559999999
1,1,0.54,0.408624322569292,0,NaN
1,1,1.48,0.403203090482891,0,NaN
1,3,14,0.331766919332928,0,NaN
1,1,0.08,0.259157431576638,0,NaN
1,1,3.78,0.225557247187233,0,NaN
1,3,14,0.231625884125419,0,NaN
1,1,4.1,0.201657487255615,0,NaN
1,1,9.56,0.308692072753461,0,NaN
1,1,0.44,0.19614738458967,-0.000245695380254177,NaN
1,1,3.04,0.225225462932659,0,NaN
1,1,4.4,0.183870154218017,0,NaN
1,1,2,0.20636139688696,0,NaN
1,1,0.18,0.226371019450063,0,NaN
1,1,4.14,0.221529228155974,0,NaN
1,1,0.1,0.229744262500666,0,NaN
1,0,4.66,0.218875904284443,0,7.35799746
2,0,0.18,0.196136985074276,0,1.6615005
2,2,1.11572106995987,0.29254134818307,-0.000228145710224494,1.09605705
2,0,1.72,0.228916359063619,0,1.73625969
2,2,0.535866033600797,0.295004370382345,0,0.52051461
2,2,1.45363659114843,0.239448313970271,0,1.4401893
2,0,3.26,0.20093531760272,0,3.73076022
2,2,0.620844788929282,0.26659522718643,0,0.60820584
2,0,1.82,0.227659772550691,0,2.1807819
2,2,0.123969007773319,0.191180169371606,0,0.11025564
2,2,0.0309922519433297,0.181089129799718,0.0152857625857789,0.01929807
2,2,1.81354661371613,0.228854130857449,0.000228145710236021,1.80145317
2,1,2.06,0.178018382255166,0,NaN
2,0,2.5,0.228831878051481,0,3.30373626
2,1,3.58,0.311376596717595,0,NaN
2,0,3.04,0.208514035492802,0,3.53094687
2,2,4.54686328510527,0.295131065545962,0.000228145710236021,4.52684727
2,2,0.982754311622358,0.235319256902275,0,0.965703419999999
2,2,0.601849537738209,0.190891221275903,0,0.59014098
2,3,14,0.132294281131203,0,NaN
2,2,0.529867533224669,0.213267886858942,0,0.51608172
2,0,0.1,0.203433549870093,0,0.6622671
2,2,0.615846038615842,0.317642915741544,0.000228145710236021,0.59814018
2,2,4.6198450396815,0.173645904204547,0,4.60190643
2,0,0.04,0.244025228341535,0,0.50188314
2,2,0.280929767615343,0.550861647262557,0.0648635803869912,0.26367363
2,0,0.2,0.400684097180891,0,0.948271829999999
2,0,1.32,0.3769608345602,0.000228145710236021,1.63886943
2,2,2.0004998754388,0.303131060915719,0,1.98456819
2,0,0.46,0.300452067819215,0,0.967236599999999
2,2,7.81204698984446,0.221249192539359,0,7.79442048
2,1,2.88,0.191042630638575,0.000245695380254177,NaN
2,0,0.46,0.182966572727453,0,1.08059193
2,2,0.344913771627379,0.195017587806839,0,0.32616738
2,2,11.0142464406343,0.213289996179479,0,11.00219967
2,0,0.76,0.210115521892035,0.000228145710236021,1.45672098
2,2,0.565858535481439,0.222419760464605,0,0.55211145
2,0,1.98,0.191190611124651,0,2.28990432
2,2,0.388902774385653,0.235864163673206,0,0.37392927
2,0,0.46,0.235212929296985,0,1.13918607
2,2,0.413896525952855,0.365662761664618,0,0.40172649
2,0,6.28,0.747992627230609,-0.000456291420472044,6.83904936
2,0,1.06,0.466477156683895,0.000228145710236021,1.543179
2,2,0.481879530215642,0.305222326619787,0.000228145710236021,0.46612005
2,0,5.1,0.21553663295346,0,5.79502044
2,2,0.543864034102302,0.235639582104902,0,0.52651401
2,0,6.3,0.238319589672275,-0.000245695380254177,8.47028621999999
2,2,2.49537615646938,0.404228007546596,0,2.48148516
2,0,2.38,0.175248733533652,0,2.70066324
2,0,0.6,0.214913808640193,0,0.71852814
2,2,1.7995501128385,0.204260578632516,0.000228145710236021,1.78698795
2,0,1.64,0.18764786911022,0,2.09988999
2,2,2.23244188998243,0.283498202300569,0,2.21737824
2,2,2.68132966812936,0.273673593350866,0,2.66833314
2,0,2.12,0.181078994314011,0,2.6314035
2,2,1.92651837079988,0.25298575261976,0,1.91150883
2,2,5.78055486246233,0.220456242443922,0,5.76792315
2,0,7.42,0.170728586650371,0,7.93293996
2,2,2.24543864079737,0.226508003752173,0,2.2281105
2,2,1.72656835826227,0.258073046431041,0,1.71502848
2,0,6.76,0.206265260734998,0,7.27030623
1,0,1.18,0.276901181612151,0,1.17551577
1,3,14,0.297302212476016,0,NaN
1,0,2.52,0.211067315403763,0,3.42812382
1,0,5.34,0.213806795969,0.000245695380254177,6.64823511
1,0,3.92,0.312725555444933,0.00343973532354606,4.42149114
1,0,0.82,0.737692929375319,0.102893715316284,2.70536277
1,3,14,0.531130812148367,0.000228145710236021,NaN
1,0,0.96,0.370126078178068,0,2.07052626
1,1,8.1,0.293854205397667,0,NaN
1,1,7.76,0.218535643571674,0.000245695380254177,NaN
1,1,4.54,0.176885375083673,0.000245695380254177,NaN
1,1,2.12,0.205995401054325,0,NaN
1,1,7.82,0.185484419493048,0,NaN
1,3,14,0.166281106709494,0,NaN
1,1,1.86,0.297979836168088,-0.000228145710236021,NaN
1,1,8.78,0.263056638185206,0,NaN
1,1,3.24,0.21187371524414,-0.000245695380254177,NaN
1,1,8.98,0.179439405411693,0,NaN
1,1,6.08,0.14550001326165,-0.000245695380254177,NaN
1,1,0.38,0.133923221831235,0,NaN
1,1,0.34,0.186861163940343,0,NaN
1,3,14,0.210938550333388,-0.000228145710224494,NaN
1,1,4.84,0.254110286627142,0,NaN
1,1,7.78,0.184529899068364,0,NaN
1,0,1.34,0.277412927442591,0,2.52658065
1,0,3,0.184420637468099,0,4.99456716
1,0,1.58,0.211834653478025,0,1.74542544
1,1,10.4,0.188435826063893,0,NaN
1,0,4.88,0.129818194552928,0.000228145710236021,7.18258167
1,1,5.06,0.229469015580534,0,NaN
1,0,2.42,0.190467890215379,0,3.70599603
1,0,5.1,0.223357148855204,0.000228145710236021,5.50461615
1,2,0.053986503385155,0.540599451083379,0.0552814605571029,0.04156251
1,1,1.08,0.422030990913419,0,NaN
1,1,1.16,0.473094247712921,-0.000456291420472043,NaN
1,0,3.9,0.284586805272014,0.000228145710236021,5.32760052
1,3,14,0.248671086303738,0.000228145710236021,NaN
1,3,14,0.207501612330614,0.000228145710236021,NaN
1,1,0.4,0.175769072293673,0,NaN
1,1,2.94,0.198526523770014,0,NaN
1,3,14,0.203598124783995,0,NaN
1,3,14,0.262920369394103,0,NaN
1,1,9.94,0.27446538761037,0,NaN
1,1,8.24,0.188308138615364,0,NaN
1,1,1.3,0.209472515403321,0,NaN
1,1,0.86,0.184354030446146,0,NaN
1,1,0.98,0.177015718988862,0,NaN
1,1,1.78,0.213198274679823,0,NaN
1,1,5.46,0.226808062778731,0,NaN
1,1,3.82,0.213534159215592,0,NaN
1,1,1.16,0.206599959582751,0,NaN
1,3,14,0.147935894243084,0,NaN
1,0,0.04,0.260613850313961,0,2.68069857
1,2,2.01149712612837,0.42158328998687,0.000491390760508354,1.99693362
1,2,2.7873031747743,0.209733448845177,0,2.77095621
1,0,3.18,0.240050101045077,0,4.10395623
1,0,1.9,0.266432471948034,0,2.16391692
1,2,2.65033741618603,0.291092217760127,0,2.63713626
1,1,1.34,0.237758768598436,0.000228145710236021,NaN
1,3,14,0.77674592706883,0.0978745096911034,NaN
2,1,1.64,0.445674399082002,0,NaN
2,1,4.88,0.338398072613107,0,NaN
2,0,3.66,0.256543576279728,0,4.84054923
2,2,1.44663834070962,0.300978418659842,0,1.43598972
2,2,1.4896275934052,0.219304568192675,0,1.47505248
2,0,4.14,0.232180496811692,0,4.19894673
2,2,1.13871532140169,0.240441337350829,0,1.12448754
2,0,0.26,0.155209142046575,0.000245695380254177,1.14945171
2,2,2.05348662876126,0.337288593445237,0.000245695380254177,2.04026262
2,2,1.03374156481945,0.162735911073232,0,1.01753157
2,0,3.06,0.178569832176675,0,3.99453384
2,0,4.3,0.389138410417715,0.000245695380254177,4.35176478
2,2,1.27668083005265,0.212260590025282,0,1.25890743
2,0,0.42,0.146479770421774,0,1.5205146
2,2,1.31667083256017,0.258857662028901,-0.000245695380254177,1.30546944
2,0,0.18,0.238578532483454,0,1.39299402
2,2,0.565858535481439,0.225784102246354,0,0.5506116
2,2,5.47263184315441,0.195646047617492,0,5.46348693
2,2,5.64258935381138,0.155893758894309,0,5.62940367
2,0,8.06,0.163940001995395,0,10.32636726
2,2,3.31517120787359,0.340183274548681,-0.00147417228152506,3.30016995
2,2,2.0084978759403,0.19236220520701,0,1.9954671
2,0,3.16,0.153971730207511,0,4.16908305
2,2,0.327918020561682,0.243878028431361,0,0.31446855
2,2,3.38515371226175,0.207124334164086,0,3.36633
2,0,1.24,0.138014281954605,0,3.30090321
2,2,1.59960010030089,0.226660483728056,-0.000245695380254177,1.58647467
2,1,1.08,0.231103037748529,0,NaN
2,0,1.06,0.185071082558938,0,1.89291069
2,2,2.98225443699847,0.248047039023459,0,2.9677032
2,0,3.54,0.241754544045925,0,4.0199313
2,0,1.42,0.662260298668112,0.0312559623022889,2.01036561
2,1,1.74,0.910127218395876,0.0697774879920746,NaN
2,2,2.12646838333749,0.47646282025016,0.000245695380254177,2.11168881
2,0,2,0.304595941150402,0,4.91924136
2,2,6.8042989266549,0.27601689297449,0,6.79282065
2,0,1.8,0.176493080959199,0,1.99870011
2,2,2.80229942571462,0.280868320278751,0,2.7887211
2,0,4.38,0.22534459941111,0,5.27453916
2,2,1.45163709102306,0.216581997663329,0,1.43295669
2,2,0.901774556544625,0.153194204326289,0,0.887844539999999
2,0,3.58,0.142513342745695,0.000228145710236021,4.4465553
2,0,0.72,0.268432903358249,-0.000228145710236021,1.48565142
2,2,0.392901774636406,0.258809962481692,0.000228145710236021,0.37439589
2,2,4.20194951347789,0.16026582131814,0,4.18331496
2,0,0.16,0.268584054268912,0,1.31693496
2,0,0.88,0.231336696572844,0,1.34909841
2,2,0.787803049398187,0.220171193783511,0,0.77308935
2,2,1.56560859816949,0.210877890063504,0.000245695380254177,1.55391126
2,0,2.54,0.190832219947441,0,3.09582372
2,2,0.349912521940819,0.259620670233124,0,0.33366663
2,0,6.32,0.253751262986199,0,7.34866506
2,2,1.31867033268554,0.236570985215744,0,1.30330299
2,0,0.5,0.201717176121791,0,1.2595407
2,2,3.1972007004764,0.309797075742776,0.000228145710236021,3.1790154
2,1,5.36,0.143609174612697,0,NaN
2,1,5.14,0.177730652918041,0,NaN
2,0,3.98,0.194095511476329,0,4.37292933
2,2,1.32466883306167,0.25226609650629,0,1.31060226
2,1,10.72,0.157996631733006,0,NaN
1,0,1.7,0.196116578130969,0,2.57860878
1,2,1.246688328172,0.307287685492106,0,1.23181014
1,0,5.38,0.169737401313877,0,7.15821744
1,0,0.54,0.204858522289979,0,0.972002789999999
1,0,0.62,0.175653261133494,0.000245695380254177,0.989434379999999
1,2,0.595851037362081,0.179700567003421,0,0.57790887
1,1,0.56,0.171709403224055,0,NaN
1,1,2.8,0.237560411215081,0,NaN
1,1,0.66,0.120958850568816,0.000228145710236021,NaN
1,0,5.22,0.140764522942343,-0.000245695380254177,5.95083819
1,1,3.6,0.248043059413558,0,NaN
1,1,3.88,0.290066691705221,0,NaN
1,1,6.44,0.208705759844734,0,NaN
1,1,4.84,0.213121087281036,0.000245695380254177,NaN
1,1,8.74,0.189231718457576,0,NaN
1,0,1.14,0.283713736566066,0,1.93317333
1,0,0.2,0.302272385172627,0,3.14538543
1,1,6.58,0.396329394739969,0,NaN
1,1,2.02,0.184967046316681,-0.000245695380254177,NaN
1,1,0.08,0.163922725706129,0,NaN
1,1,3.26,0.207688093752362,0,NaN
1,1,3.42,0.166360515476238,0,NaN
1,1,8.78,0.150769382742242,0.000228145710236021,NaN
1,3,14,0.359822890967639,0,NaN
1,1,7.94,0.3872647266956,-0.00171986766177924,NaN
1,1,0.34,0.284536789474238,0,NaN
1,1,1.82,0.256382308104307,0,NaN
1,2,2.47338165509025,0.231112716261114,0,2.45585439
1,0,0.26,0.165264875609112,0,0.62263773
1,2,1.7325668586384,0.302318464623991,0.000245695380254177,1.71406191
1,1,6.44,0.407682833252353,0,NaN
1,3,14,0.182027050627849,0,NaN
1,0,1.16,0.21867673413146,0,3.253008
1,0,4.9,0.263327859422379,0,5.53347993
1,0,0.48,0.276790294252353,0,1.19668032
1,3,14,0.272239229561684,0,NaN
1,1,2.32,0.216029658106708,0,NaN
1,1,10.22,0.16671790989996,0.000491390760508354,NaN
1,1,6.22,0.241445322067216,0,NaN
1,1,2.9,0.177481411898139,0,NaN
1,0,0.26,0.250272276358381,0,2.34239907
1,1,0.2,0.701567337689403,0.0638807988659823,NaN
1,1,1.58,0.969001098956889,0.0314841080125249,NaN
1,1,5.34,0.570066313450881,0,NaN
1,1,8.88,0.335174042118047,0,NaN
1,3,14,0.254945275826403,0,NaN
1,0,0.04,0.241658644850831,0,1.01949804
1,2,0.0649837540747236,0.272278563399961,0.000228145710236021,0.04636203
1,1,2.7,0.193341188050918,-0.000228145710236021,NaN
1,1,1.76,0.267907335792529,0,NaN
1,1,1.24,0.244843214598209,0,NaN
1,1,4.42,0.262531066279263,-0.000228145710236021,NaN
1,1,5.5,0.286879483159588,0.000491390760508354,NaN
1,3,14,0.203541027923256,0,NaN
1,1,3.34,0.191028411168517,0,NaN
1,3,14,0.209568353223434,0,NaN
1,0,0.24,0.490908193113947,0,1.80505281
1,2,4.20094976341521,0.332587323621578,0.000228145710236021,4.18814781
1,1,3.42,0.510967570667031,0,NaN
1,1,10,0.404833206695917,0,NaN
2,3,14,0.317604389409007,0,NaN
2,1,3.06,0.429289108380928,0,NaN
2,1,1.2,0.286590077285612,0,NaN
2,1,0.38,0.214945267963933,0.000228145710236021,NaN
2,1,2.98,0.180370554517649,-0.000245695380254177,NaN
2,1,6.16,0.226115250029405,0.000228145710236021,NaN
2,3,14,0.196863352340723,0,NaN
2,1,4.7,0.291535932783551,0,NaN
2,3,14,0.220785149957626,0,NaN
2,0,4.62,0.266323467874314,0,5.61780483
2,0,0.22,0.41422638982234,0.000456291420472043,0.73372662
2,2,0.522869282785853,0.414231779927397,0,0.50504949
2,2,0.493876530967899,0.259938690154654,0,0.4802853
2,0,0.14,0.272986227843079,0.000245695380254177,0.51244875
2,2,0.373906523445332,0.254385868156474,0,0.35573109
2,2,1.84853786591021,0.275149381612308,0,1.83784953
2,0,3.54,0.209405854190048,0,3.64980165
2,2,1.82354411434301,0.915227802343464,0.0700407330423434,1.81131885
2,2,2.88527868091773,0.522825635000561,0,2.87167947
2,0,2.52,0.394483508508364,0.000245695380254177,3.50448285
2,2,0.0939765058926771,0.309810949681402,0.000245695380254177,0.08215845
2,0,0.6,0.175448829634275,0,1.08829116
2,2,0.660834791436804,0.319446500386951,-0.000245695380254177,0.64940172
2,2,0.507873031845532,0.21773317171337,0,0.49181748
2,0,9.8,0.33215265186094,0.000456291420472043,10.17144942
2,2,0.0689827543254758,0.246602491209119,0,0.05326134
2,0,0.04,0.269800424866369,0.000245695380254177,0.40015998
2,0,1.04,0.27390502854071,0,1.35556443
2,0,0.22,0.234532131186706,0,0.55504449
2,0,0.52,0.266331043118985,0.000228145710236021,0.78735459
2,2,0.480879780152954,0.268565667368155,0.000228145710236021,0.46522014
2,2,5.97650587474919,0.233881632535267,0,5.9580708
2,2,0.412896775890167,0.28542624964365,0,0.39539379
2,0,0.12,0.308164578710053,0,0.3859614
2,2,1.36265933544382,0.406127991512479,0.000245695380254177,1.35229809
2,0,1.04,0.228226205117191,0,1.29803685
2,2,0.145963509152456,0.236933407092171,0,0.13078692
2,2,3.98700324999996,0.219612701591517,0,3.97243605
2,0,0.64,0.307445212410011,0,1.81798485
2,2,0.564858785418751,0.342479348849717,-0.000228145710236021,0.55277805
2,2,0.306923269245233,0.406311367347096,0.000245695380254177,0.28950438
2,0,4.86,0.540611262559436,0,5.26487346
2,0,0.04,0.386800650888684,0,0.36766323
2,0,0.06,0.327218338164262,-0.000228145710236021,0.13375329
2,2,0.0459885028836505,0.351367839629493,0,0.03109689
2,3,14,0.239284595715821,0,NaN
2,2,1.08372906795385,0.177647052680696,0,1.06999299
2,2,0.469882529463386,0.249247608112815,0,0.4559544
2,2,1.42364408926779,0.188695155138845,0,1.40205978
2,0,1.7,0.180023341324586,0.000228145710236021,3.04279569
2,2,0.558860285042623,0.263839118050606,0,0.54364563
2,0,5.6,0.181025430541314,0,8.23294329
2,2,0.59085228704864,0.308258534634884,0,0.57780888
2,0,0.94,0.249258029449947,0.000245695380254177,1.37409591
2,2,0.65783554124874,0.238214065564012,0,0.64220244
2,2,1.45563609127381,0.19484163980954,0,1.44038928
2,2,9.78955261384143,0.252260728457553,0,9.77725550999999
2,0,1.76,0.740154818587617,0,2.32123452
2,2,0.594851287299393,0.395765288241272,0,0.57977535
2,2,0.504873781657468,0.269779450853601,0,0.48705129
1,0,6.04,0.269449812630784,0.000245695380254177,6.78048855
1,1,5.7,0.237042762035391,0,NaN
1,0,3.54,0.208278296351112,0,5.60773917
1,0,1.54,0.279995717833466,0,1.91677497
1,0,0.22,0.262864715847615,0.000245695380254177,1.10382294
1,0,4.72,0.195802188304128,0.000245695380254177,6.71396187
1,0,9.58,0.280863924966971,0.000245695380254177,12.10425612
1,3,14,0.253844419220093,0.000245695380254177,NaN
1,1,1.76,0.185854038852722,0,NaN
1,1,8.52,0.31079715596551,0,NaN
1,1,0.26,0.220473776879035,0,NaN
1,1,5.04,0.254564578468665,0.000245695380254177,NaN
1,1,1.26,0.17684176248123,0.000228145710236021,NaN
1,3,14,0.125502008186162,0,NaN
1,1,3.04,0.929277118215557,0.0928728537359299,NaN
1,1,3.48,0.632837934849389,0.000245695380254177,NaN
1,1,1.12,0.401305711638345,0,NaN
1,1,3.4,0.336626016969744,-0.000228145710236021,NaN
1,1,6.08,0.248422677937424,0,NaN
1,3,14,0.35169620249146,-0.000245695380254177,NaN
1,1,4.5,0.28686467859553,0,NaN
1,1,2.48,0.247500317422868,0,NaN
1,1,1.86,0.252686298804274,0.000245695380254177,NaN
1,3,14,0.269854621882978,0,NaN
1,1,9.24,0.25277892586049,-0.000228145710236021,NaN
1,1,3.38,0.23542544826027,-0.000228145710236021,NaN
1,1,8.36,0.252998380929174,0,NaN
1,1,10.32,0.312748593028762,0,NaN
1,1,0.52,0.344004747339305,0,NaN
1,1,2.42,0.226966098078599,0,NaN
1,1,6.14,0.706072498371637,0.0659341102581065,NaN
1,3,14,0.574704839195152,0,NaN
1,1,2.84,0.646252026119583,0,NaN
1,0,1.18,0.960441751366949,0.069040401851312,1.63843614
1,0,4,0.53160548515337,0.000245695380241763,4.51811481
1,3,14,0.419899295348025,0.000245695380254177,NaN
1,1,1.22,0.344632739117463,0.000228145710236021,NaN
1,1,5.48,0.384377054615012,0,NaN
1,1,2.32,0.310099153124997,0,NaN
1,1,0.78,0.294593919484297,0,NaN
1,3,14,0.282680360700861,0,NaN
1,1,7.24,0.297896507868138,0,NaN
1,1,7.7,0.39526392429872,0,NaN
1,1,0.72,0.300791857177096,0,NaN
1,1,2.06,0.370569687956875,0,NaN
1,1,0.46,0.248624929528864,0.000228145710236021,NaN
1,1,1.44,0.24673709695959,0,NaN
1,1,5.26,0.29399312351596,0,NaN
1,1,5.7,0.210750367318174,0,NaN
1,1,0.7,0.187914646999527,0.000245695380254177,NaN
1,1,0.28,0.249157577782917,-0.000228145710236021,NaN
1,1,7.36,0.362337554264512,0.000245695380254177,NaN
1,1,8.96,0.273253537712208,0,NaN
1,1,2.58,0.30023511342329,0,NaN
1,1,1.34,0.239037841520806,0,NaN
1,2,4.51587103316194,0.366725697346256,0,4.50514944
1,0,0.32,0.328651405862114,0,0.4576209
1,2,0.881779555290864,0.341568723470044,0,0.868779779999999
1,1,3.72,0.307501223012873,0.000245695380254177,NaN
1,1,3.3,0.348243696535712,0,NaN
2,1,3.82,0.480854590021484,0,NaN
2,1,4.28,0.237111612366291,0,NaN
2,3,14,0.355786164161838,0,NaN
2,1,3.08,0.561327415676087,0,NaN
2,1,1.66,0.581992754537423,0.000491390760508354,NaN
2,1,4,0.436600119257346,0,NaN
2,1,0.78,0.372358746445123,-0.000491390760508354,NaN
2,1,3.04,0.271239608840871,0,NaN
2,1,6.02,0.297595770818031,-0.000245695380254177,NaN
2,1,0.76,0.201151329138987,0,NaN
2,1,0.96,0.273690024928215,0,NaN
2,3,14,0.294576945863306,0,NaN
2,1,1.74,0.370581472267503,0,NaN
2,1,7.02,0.732964172076412,0.00547549704565298,NaN
2,1,9.96,0.884033535815676,-0.000245695380254177,NaN
2,1,7.16,1.17563411090478,0.000245695380241763,NaN
2,1,5.72,0.675767043312739,-0.000228145710236021,NaN
2,1,6.5,0.519542835180382,0,NaN
2,1,0.18,0.697207481991392,-0.000245695380254177,NaN
2,1,7.96,0.427647453657343,0,NaN
2,1,1.54,0.404600537199451,0,NaN
2,1,2.64,0.482106811851954,0,NaN
2,1,10,0.424136363919738,0,NaN
2,1,6.66,0.4353840004111,0,NaN
2,1,4.7,0.467804847289006,0.000245695380254177,NaN
2,1,0.8,0.51164606872414,0.000228145710236021,NaN
2,1,8.54,0.372411939657129,0,NaN
2,1,0.56,0.514593222279402,0,NaN
2,1,2.4,0.472323342819151,0,NaN
2,2,0.00999750062688055,0.489155452190925,0,3.333e-05
2,3,14,0.415932894683474,0.000228145710236021,NaN
2,1,1.9,0.36690252674118,0,NaN
2,3,14,0.369358197463145,0,NaN
2,1,1.14,0.432498511132439,0,NaN
2,1,0.84,0.360424089685023,0,NaN
2,1,2.34,0.348313686922925,0,NaN
2,1,0.06,0.440916190226005,0,NaN
2,1,1.82,0.33664366665668,0,NaN
2,1,0.76,0.330874470526287,0,NaN
2,1,3.04,0.472728014331883,0,NaN
2,0,1.74,0.466632607532956,-0.000245695380254177,4.35059823
2,2,0.627843039368098,0.695373492181596,0.000228145710236021,0.61553844
2,0,0.1,0.358950553792583,0,0.71116221
2,2,1.55761059766799,0.414133192717506,0.000228145710236021,1.54281237
2,0,0.04,0.356541616155654,0,0.42075792
2,2,0.449887528209625,0.4123501958418,0,0.43555644
2,2,0.402899275263286,0.359964723188009,0,0.38712795
2,0,6.66,0.317902256448377,0,7.7252274
2,2,1.60059985036358,0.291645184418004,0,1.58644134
2,2,3.05723569170007,0.243776206116006,0,3.04299567
